,superhost_t
2,1
3,1
4,1
5,1
7,1
8,1
9,0
10,0
11,0
12,1
13,1
14,1
15,1
16,1
19,1
20,0
22,1
23,1
24,1
25,0
26,0
27,1
28,0
29,1
30,1
31,1
32,1
33,0
34,1
35,1
37,0
39,0
40,1
41,1
42,1
43,1
44,0
45,0
46,0
47,0
49,1
50,1
51,0
52,0
53,1
54,1
55,0
56,1
57,1
58,1
59,0
60,1
63,1
64,1
65,1
66,1
67,1
68,0
69,1
70,1
71,1
73,0
74,0
75,0
76,1
77,1
78,1
79,0
80,0
81,0
82,1
83,0
84,0
86,0
87,1
88,1
92,0
93,1
94,1
95,1
96,1
97,1
98,1
99,1
100,1
101,1
103,0
104,1
105,1
107,1
109,0
110,1
111,1
114,1
116,0
121,1
122,0
123,0
124,1
125,1
126,0
127,0
128,0
129,1
130,0
131,1
132,0
133,0
134,0
135,1
136,0
137,1
139,1
141,0
142,1
143,0
144,0
146,0
147,1
149,1
150,0
151,1
152,0
153,0
154,0
157,0
158,0
159,0
161,1
162,1
163,0
164,0
165,1
167,1
168,0
169,0
170,0
171,0
173,0
174,0
175,0
176,1
177,0
179,1
180,1
181,0
182,1
184,1
185,1
186,1
189,1
191,1
192,0
196,0
197,0
198,1
199,0
200,0
201,1
202,0
203,1
205,0
207,0
208,0
210,0
211,0
212,0
215,0
216,1
217,0
218,1
219,0
220,1
221,1
222,1
223,0
224,1
225,1
228,0
229,0
230,0
233,0
234,0
235,0
237,1
238,1
241,1
242,0
244,0
247,1
248,0
250,0
252,0
253,1
255,1
257,0
260,0
261,0
262,1
263,1
264,0
265,0
266,0
267,1
270,0
271,0
272,1
273,1
274,0
275,1
276,1
277,0
278,0
280,1
281,0
282,1
283,1
284,1
285,0
286,1
292,1
293,1
294,1
300,1
301,1
302,0
303,1
304,1
305,1
306,0
307,1
309,0
310,1
311,1
312,1
313,0
314,1
315,1
316,1
317,1
318,0
319,1
320,0
322,1
323,0
324,1
326,0
327,0
328,0
329,0
330,0
331,0
332,0
333,0
334,0
335,0
336,0
338,1
339,1
340,1
341,0
342,0
343,1
344,0
345,0
346,1
347,0
349,1
350,0
351,0
352,1
354,0
355,1
356,0
357,1
358,1
359,0
361,1
362,1
365,1
366,1
369,1
370,1
371,0
372,0
374,1
375,0
376,1
377,1
378,1
379,1
380,0
382,1
383,1
386,0
387,0
388,0
389,0
390,1
392,1
393,1
394,1
396,1
397,0
398,1
399,0
400,1
401,1
402,1
403,1
404,1
406,1
407,1
409,0
410,1
411,1
412,1
414,0
415,0
416,1
417,0
418,0
419,0
420,0
421,1
422,0
423,1
424,1
425,0
426,0
427,0
428,1
429,0
431,0
432,1
433,0
434,1
435,1
436,0
437,0
438,1
441,1
442,0
443,1
444,1
446,0
447,1
448,1
455,0
456,0
457,0
458,0
459,0
462,1
463,0
464,0
465,1
466,0
468,0
469,0
470,0
471,0
472,1
473,1
474,0
475,0
476,1
477,1
478,0
479,0
481,1
482,0
483,1
484,0
485,0
486,1
488,1
489,1
490,1
491,0
492,0
493,0
494,1
495,1
496,1
497,1
498,1
499,0
500,1
508,1
510,0
511,0
512,0
513,0
514,0
515,0
516,0
518,1
519,0
526,1
529,1
530,0
531,0
532,0
533,0
534,1
535,0
538,0
539,0
543,1
544,1
545,0
546,0
547,1
549,1
550,0
551,1
552,0
553,1
554,0
555,0
556,0
557,0
558,1
560,0
561,0
562,1
563,1
564,0
565,0
566,0
567,1
568,0
569,0
570,0
571,0
572,1
573,1
574,0
575,0
578,1
579,1
580,0
581,0
582,1
583,0
584,1
585,0
588,1
589,1
590,0
592,0
593,1
594,0
595,1
596,0
597,1
600,0
601,0
602,0
604,0
605,0
606,1
607,1
608,0
610,0
612,0
614,1
615,1
616,1
617,0
620,0
621,0
622,1
623,0
624,0
626,1
627,0
628,1
629,1
630,0
631,1
632,1
633,1
634,1
635,0
636,0
637,1
638,1
639,1
640,1
641,1
642,0
644,1
645,1
647,1
648,0
649,1
650,1
651,1
652,1
653,1
656,0
657,0
659,1
660,1
662,0
664,1
665,1
666,1
667,0
668,0
669,1
670,1
673,0
674,1
675,1
676,1
678,1
679,0
680,1
681,1
682,0
683,1
684,0
686,1
687,0
688,1
689,1
690,1
693,0
694,1
695,0
697,1
699,1
701,1
702,1
703,1
704,0
705,0
706,0
707,0
708,0
709,0
710,1
711,1
712,1
713,0
714,0
715,0
717,0
718,0
719,1
720,0
721,1
722,1
723,1
728,1
729,0
731,0
734,1
735,0
737,0
739,0
740,0
741,1
742,0
747,1
748,0
749,1
750,0
751,0
752,0
753,1
754,0
760,1
761,1
763,0
764,0
768,1
770,0
771,1
772,1
773,1
774,1
775,1
776,1
777,1
778,1
779,1
780,0
781,1
782,1
783,1
784,1
785,0
787,0
788,0
789,0
790,1
791,0
792,0
793,0
794,0
796,1
797,1
798,0
799,1
802,0
804,0
805,1
806,1
807,0
809,1
810,0
811,0
812,0
814,1
815,0
816,0
817,1
818,1
820,1
823,1
824,1
826,1
827,0
828,0
829,0
830,1
831,1
834,0
835,1
836,1
837,0
838,1
839,0
840,1
841,1
842,0
843,1
844,0
845,0
846,0
847,0
848,0
849,0
850,0
851,0
852,0
853,0
854,0
855,0
856,0
857,0
859,1
860,0
861,0
862,0
863,0
865,0
866,1
867,1
868,1
870,1
871,0
872,1
873,0
874,0
875,1
876,0
878,0
880,0
882,1
883,0
884,0
885,0
886,1
888,0
889,1
890,0
894,1
895,0
896,0
899,1
900,0
902,1
904,0
905,0
906,0
907,1
908,0
909,0
910,1
912,0
913,0
914,0
915,0
916,0
917,0
918,1
919,0
922,0
923,0
924,0
925,1
926,1
927,1
928,1
929,1
931,1
932,0
934,0
935,0
936,0
937,0
938,0
939,0
941,0
942,0
943,1
944,0
945,1
946,1
947,1
948,1
949,1
950,1
951,0
952,1
953,0
954,0
956,0
957,0
959,1
960,1
961,1
962,0
963,1
966,0
967,0
968,1
969,0
970,0
971,0
972,0
973,1
974,1
975,0
977,0
978,0
980,0
981,1
982,0
983,0
984,1
985,1
986,1
987,1
988,0
989,1
990,0
991,0
992,0
993,0
994,0
995,0
996,0
997,1
998,1
999,1
1000,1
1001,1
1002,1
1003,0
1004,0
1013,1
1014,0
1015,0
1016,0
1017,0
1018,0
1019,0
1020,0
1023,1
1026,0
1027,0
1029,0
1030,0
1031,1
1032,0
1034,0
1035,0
1036,0
1037,0
1038,0
1039,0
1040,0
1041,1
1042,0
1043,1
1046,0
1048,1
1051,0
1052,0
1053,0
1055,0
1056,0
1057,0
1058,0
1059,1
1061,0
1062,0
1063,0
1064,0
1065,0
1066,1
1067,0
1068,0
1069,0
1070,0
1075,0
1079,0
1082,1
1083,1
1085,0
1087,1
1089,0
1092,0
1095,0
1096,0
1097,0
1099,1
1100,0
1101,0
1102,0
1103,0
1104,0
1105,1
1106,0
1110,1
1111,0
1112,0
1113,0
1114,0
1116,0
1117,0
1118,1
1120,1
1121,1
1122,1
1125,0
1126,0
1128,1
1131,1
1132,1
1137,0
1138,0
1140,1
1141,0
1145,1
1146,0
1147,0
1148,1
1149,1
1151,1
1152,0
1154,0
1155,0
1156,0
1158,0
1164,0
1165,0
1166,0
1167,0
1168,1
1169,0
1170,0
1171,0
1172,0
1174,0
1175,1
1177,1
1178,1
1179,1
1180,0
1181,0
1182,0
1183,0
1184,1
1187,0
1188,0
1190,0
1191,0
1192,0
1193,0
1194,0
1195,0
1196,0
1197,0
1198,1
1199,0
1200,0
1202,0
1203,0
1204,0
1205,0
1206,1
1208,1
1209,0
1211,0
1212,1
1213,1
1214,1
1215,0
1216,0
1217,1
1219,1
1221,1
1222,0
1225,0
1226,0
1227,0
1228,1
1230,1
1234,1
1235,0
1236,1
1237,0
1238,0
1239,0
1240,0
1241,0
1242,0
1243,0
1244,1
1245,1
1246,1
1248,1
1249,0
1251,0
1252,0
1253,1
1260,0
1261,1
1262,1
1264,0
1265,1
1266,1
1268,0
1269,0
1270,0
1271,0
1272,0
1273,0
1274,1
1276,1
1278,1
1279,1
1280,1
1283,0
1287,0
1288,0
1289,0
1290,1
1291,0
1292,0
1293,1
1294,1
1295,1
1296,0
1297,0
1298,1
1299,1
1302,0
1303,0
1304,0
1305,0
1306,0
1307,0
1308,0
1309,0
1310,0
1311,1
1312,1
1313,1
1314,0
1315,1
1316,0
1318,0
1319,1
1320,0
1323,0
1333,0
1334,1
1335,1
1336,1
1337,1
1338,1
1339,1
1341,1
1342,1
1343,0
1344,0
1347,1
1349,1
1350,0
1351,0
1352,0
1353,0
1354,0
1358,0
1359,1
1360,1
1362,0
1365,0
1366,0
1367,0
1368,0
1369,0
1370,0
1371,0
1372,0
1374,0
1376,1
1377,0
1378,1
1379,0
1380,0
1382,1
1383,0
1384,0
1385,0
1386,0
1387,1
1388,0
1389,0
1390,1
1391,0
1392,0
1393,0
1395,0
1396,1
1397,0
1398,0
1399,0
1400,0
1401,1
1402,1
1403,0
1404,1
1406,0
1407,1
1408,1
1409,1
1410,0
1411,1
1415,1
1416,1
1417,1
1418,0
1421,0
1423,0
1424,0
1425,0
1426,0
1427,0
1428,1
1430,1
1432,1
1434,1
1435,0
1438,0
1439,1
1440,1
1441,1
1442,0
1444,0
1447,0
1448,0
1449,0
1450,0
1451,0
1452,0
1454,0
1455,0
1457,0
1458,0
1459,0
1460,0
1463,1
1466,1
1468,0
1476,1
1489,1
1498,1
1499,0
1500,0
1501,1
1502,0
1503,0
1505,0
1506,1
1507,0
1508,1
1509,0
1510,0
1511,0
1512,0
1513,0
1517,1
1518,0
1519,1
1520,0
1521,1
1523,0
1524,1
1526,0
1527,1
1529,0
1531,0
1532,0
1533,1
1534,0
1535,0
1536,0
1537,0
1538,0
1539,1
1541,0
1542,0
1543,0
1544,0
1545,0
1546,0
1547,0
1548,0
1549,0
1550,0
1551,0
1552,0
1553,0
1554,0
1555,0
1556,0
1557,0
1558,0
1559,0
1560,1
1561,0
1562,0
1564,0
1565,0
1566,0
1567,1
1568,1
1570,1
1571,0
1573,0
1574,1
1575,1
1576,1
1577,0
1578,0
1579,1
1581,1
1583,1
1584,1
1585,1
1586,1
1587,1
1588,0
1589,0
1590,1
1592,0
1593,1
1594,1
1595,0
1596,0
1598,0
1599,1
1600,1
1601,1
1602,0
1603,1
1604,1
1605,1
1606,1
1607,1
1608,1
1609,1
1610,1
1611,0
1612,0
1613,1
1614,0
1615,0
1617,1
1618,1
1620,1
1621,1
1622,1
1623,0
1625,0
1626,0
1627,0
1628,0
1629,0
1630,0
1631,0
1632,0
1633,0
1635,0
1640,0
1641,0
1642,0
1643,0
1649,1
1650,1
1651,0
1652,0
1653,0
1654,0
1656,0
1657,1
1659,0
1660,0
1661,0
1662,1
1663,0
1665,1
1666,1
1668,1
1669,0
1670,0
1672,0
1673,1
1674,0
1676,1
1677,0
1678,0
1679,1
1680,0
1682,0
1683,1
1684,0
1685,0
1686,1
1687,0
1688,0
1689,1
1690,0
1691,1
1692,0
1693,0
1694,0
1695,0
1696,0
1697,0
1699,0
1700,0
1701,0
1703,0
1704,1
1708,1
1709,1
1711,0
1722,0
1723,0
1724,1
1725,0
1726,0
1727,0
1728,0
1730,1
1732,1
1734,0
1735,1
1736,0
1737,0
1738,1
1739,1
1740,1
1741,1
1743,0
1744,1
1745,0
1746,0
1747,1
1748,0
1749,0
1750,0
1751,0
1752,0
1753,0
1754,1
1755,0
1756,1
1757,1
1758,1
1759,1
1760,1
1761,1
1762,1
1763,1
1764,1
1765,1
1766,1
1767,1
1768,1
1769,1
1770,1
1771,1
1772,1
1773,1
1774,1
1775,0
1776,0
1777,1
1778,0
1779,1
1780,1
1781,0
1782,1
1784,0
1787,1
1789,1
1792,1
1793,0
1794,0
1796,0
1797,0
1798,0
1799,0
1801,1
1802,1
1803,0
1804,0
1805,0
1806,0
1807,0
1808,0
1809,0
1810,1
1812,0
1814,1
1815,1
1816,1
1817,0
1818,0
1819,0
1820,0
1821,0
1823,0
1824,0
1825,0
1828,0
1829,1
1830,0
1832,1
1833,0
1834,0
1835,0
1836,0
1837,0
1838,0
1853,1
1855,1
1860,0
1861,0
1866,0
1868,0
1869,0
1870,0
1871,0
1872,1
1874,1
1875,1
1876,1
1877,1
1878,1
1879,1
1880,1
1881,1
1882,1
1883,0
1886,0
1887,0
1888,0
1889,0
1893,1
1894,0
1895,0
1899,0
1903,0
1905,1
1906,1
1907,1
1908,0
1910,1
1911,1
1912,0
1913,1
1915,0
1916,0
1917,0
1918,0
1919,0
1920,0
1927,0
1928,0
1929,0
1930,0
1931,0
1932,0
1933,0
1934,0
1935,1
1936,0
1937,0
1938,0
1939,0
1940,0
1941,0
1942,0
1943,0
1944,0
1945,0
1946,0
1947,0
1948,0
1949,0
1950,0
1951,1
1952,1
1953,1
1956,0
1957,0
1958,0
1960,0
1961,1
1972,0
1974,1
1975,1
1976,1
1978,0
1979,0
1980,0
1984,1
1985,1
1986,0
1987,0
1988,0
1989,0
1991,1
2000,1
2001,1
2002,1
2003,0
2004,1
2006,1
2007,1
2008,1
2009,1
2016,0
2019,0
2021,1
2022,0
2024,0
2032,0
2033,0
2034,0
2035,1
2038,0
2039,1
2040,0
2042,0
2043,0
2044,0
2045,1
2046,1
2047,0
2048,0
2049,1
2050,1
2052,1
2054,1
2062,0
2064,0
2065,0
2066,1
2067,0
2068,0
2069,1
2070,1
2071,0
2072,0
2073,0
2075,1
2079,1
2080,1
2081,0
2082,0
2083,1
2085,0
2086,0
2087,1
2088,1
2089,0
2090,0
2092,0
2093,1
2094,1
2095,1
2096,1
2097,1
2098,1
2100,0
2101,0
2102,0
2103,0
2104,0
2111,0
2114,1
2116,0
2119,0
2126,1
2127,0
2128,0
2129,0
2130,0
2131,0
2135,0
2136,0
2137,0
2138,0
2139,0
2140,1
2142,1
2143,1
2144,0
2145,0
2146,0
2147,1
2148,1
2149,1
2150,1
2152,1
2153,1
2154,1
2155,0
2156,0
2158,1
2159,0
2160,0
2161,0
2162,0
2163,0
2165,0
2166,1
2167,0
2168,0
2169,0
2170,0
2171,0
2172,0
2173,1
2174,0
2175,1
2176,0
2178,1
2179,1
2180,1
2181,0
2182,1
2183,1
2184,1
2185,0
2186,0
2189,0
2190,0
2191,1
2193,0
2194,0
2195,0
2196,0
2197,0
2198,0
2199,0
2201,0
2202,0
2203,0
2204,1
2206,0
2207,0
2209,0
2210,1
2211,0
2212,0
2213,0
2214,0
2215,0
2216,0
2217,0
2218,1
2219,0
2220,0
2224,1
2227,0
2228,1
2229,0
2231,1
2232,1
2233,1
2234,1
2235,1
2236,0
2238,1
2240,1
2241,1
2243,0
2244,1
2245,0
2246,1
2247,1
2248,1
2250,0
2251,0
2252,0
2254,1
2255,0
2257,1
2258,1
2259,1
2261,1
2262,1
2263,1
2264,0
2265,0
2266,1
2270,0
2271,0
2272,1
2273,0
2274,1
2275,1
2276,1
2278,0
2283,1
2286,0
2287,0
2289,0
2293,0
2295,0
2296,0
2297,0
2298,0
2299,0
2300,0
2301,0
2302,0
2303,0
2304,0
2305,0
2306,0
2307,0
2308,0
2309,0
2310,0
2311,0
2313,0
2314,0
2315,0
2316,0
2317,0
2318,0
2319,1
2323,0
2325,0
2328,0
2333,0
2338,1
2340,1
2341,0
2343,1
2344,1
2346,0
2347,0
2348,0
2350,0
2351,0
2353,0
2355,0
2356,0
2357,0
2358,0
2359,0
2360,1
2361,1
2363,1
2364,1
2365,1
2366,1
2370,0
2371,0
2372,0
2373,0
2374,0
2375,0
2376,0
2377,0
2378,0
2379,0
2380,0
2381,0
2382,0
2383,0
2384,0
2385,0
2386,0
2388,1
2389,1
2399,1
2402,1
2408,0
2409,0
2410,1
2411,1
2412,0
2414,0
2415,1
2417,0
2420,0
2421,0
2422,0
2423,1
2427,0
2428,0
2429,0
2430,0
2431,0
2432,0
2433,0
2434,1
2435,1
2436,1
2440,0
2442,1
2443,1
2444,0
2445,0
2446,0
2450,1
2451,1
2452,1
2453,1
2454,1
2455,0
2456,0
2458,0
2459,1
2460,1
2461,1
2464,1
2465,1
2467,0
2468,0
2469,1
2470,1
2471,1
2472,1
2473,1
2474,0
2475,1
2476,0
2477,0
2478,0
2479,0
2480,0
2481,0
2482,1
2483,0
2484,0
2485,0
2486,1
2487,1
2488,1
2489,0
2490,0
2491,1
2492,1
2493,1
2494,1
2498,0
2500,1
2512,0
2513,1
2515,0
2516,0
2517,0
2518,0
2519,0
2520,0
2521,0
2522,0
2523,0
2524,0
2525,0
2526,0
2527,0
2529,1
2530,0
2531,0
2532,0
2533,0
2534,0
2544,0
2545,0
2547,1
2549,1
2553,0
2560,0
2561,1
2562,0
2563,0
2565,0
2566,1
2567,0
2568,1
2570,1
2571,0
2572,0
2573,0
2575,1
2576,1
2577,1
2578,0
2579,0
2580,0
2581,0
2582,0
2583,0
2584,0
2585,1
2587,0
2588,0
2589,0
2590,0
2591,0
2592,1
2594,0
2595,0
2597,0
2598,0
2599,0
2601,0
2602,0
2603,1
2604,0
2605,1
2606,0
2607,0
2608,0
2609,0
2610,0
2611,0
2612,0
2614,1
2615,0
2616,0
2617,0
2618,1
2622,0
2623,1
2624,0
2625,0
2626,0
2627,0
2628,0
2629,0
2630,1
2631,1
2633,1
2635,0
2636,0
2637,0
2639,1
2640,1
2641,0
2642,1
2644,0
2645,0
2646,1
2648,0
2649,0
2650,1
2651,0
2652,0
2653,0
2654,1
2655,1
2656,1
2657,0
2658,0
2660,0
2661,0
2662,0
2663,0
2664,0
2665,0
2668,0
2672,0
2673,1
2674,0
2676,0
2678,0
2680,0
2681,0
2682,0
2683,0
2684,0
2694,1
2699,0
2700,0
2702,1
2703,0
2704,1
2705,0
2706,1
2707,1
2708,1
2709,0
2710,0
2711,0
2712,1
2713,0
2714,0
2715,0
2716,0
2718,0
2719,1
2720,0
2721,0
2722,0
2723,0
2724,0
2726,0
2727,0
2728,1
2732,0
2733,1
2734,0
2736,1
2737,0
2738,1
2739,0
2740,0
2741,0
2742,1
2744,0
2745,0
2746,0
2747,1
2748,0
2749,1
2751,0
2752,0
2753,0
2755,0
2756,0
2757,0
2758,0
2759,0
2760,0
2761,1
2762,1
2763,1
2764,1
2765,0
2766,0
2767,0
2768,0
2770,0
2772,0
2773,0
2774,0
2775,1
2776,0
2777,1
2778,0
2781,1
2785,0
2786,1
2787,1
2793,0
2794,1
2795,0
2796,0
2798,1
2799,0
2801,1
2802,1
2803,1
2804,1
2805,1
2808,0
2809,1
2811,1
2812,0
2820,1
2822,0
2824,1
2825,1
2826,1
2827,1
2828,0
2831,1
2832,0
2833,1
2834,0
2835,0
2836,0
2837,0
2838,1
2839,0
2840,0
2841,1
2842,0
2843,0
2844,1
2845,0
2850,1
2851,0
2852,0
2854,0
2855,1
2856,0
2857,0
2858,0
2860,1
2861,1
2862,0
2871,0
2872,0
2873,0
2874,1
2875,0
2876,0
2877,0
2878,0
2879,0
2880,1
2881,1
2882,1
2884,0
2885,0
2887,0
2888,0
2889,0
2892,0
2893,0
2895,0
2896,0
2897,0
2898,0
2899,0
2900,0
2902,0
2903,1
2904,1
2905,1
2906,1
2907,1
2908,1
2909,1
2910,1
2911,1
2912,1
2913,1
2914,1
2915,0
2916,1
2917,1
2918,1
2919,1
2920,1
2921,1
2922,1
2923,0
2924,1
2925,1
2926,0
2929,0
2930,0
2931,0
2932,0
2937,0
2938,0
2939,0
2940,0
2941,0
2942,1
2943,1
2944,0
2947,0
2950,1
2951,0
2952,0
2953,1
2955,0
2956,0
2957,0
2963,0
2966,0
2967,1
2968,0
2970,0
2971,0
2972,0
2974,0
2975,0
2976,0
2977,0
2979,0
2980,0
2981,0
2982,1
2983,0
2984,0
2986,0
2987,0
2988,1
2989,1
2990,0
2994,1
2995,1
2996,1
2997,0
3000,1
3001,0
3002,0
3005,0
3006,0
3007,0
3008,1
3012,0
3013,0
3014,0
3015,0
3017,0
3018,1
3019,0
3020,0
3021,0
3022,1
3023,0
3025,1
3027,0
3028,0
3029,0
3030,0
3031,0
3032,0
3038,0
3039,0
3040,0
3041,0
3043,1
3044,1
3045,1
3046,0
3048,1
3055,1
3057,1
3058,0
3059,0
3060,0
3061,0
3062,1
3063,1
3064,1
3067,1
3068,1
3069,1
3070,1
3071,1
3072,1
3073,1
3074,1
3076,0
3077,1
3078,1
3080,1
3082,1
3083,1
3084,1
3085,1
3086,1
3087,1
3088,1
3089,1
3090,1
3091,1
3092,0
3095,0
3096,0
3097,0
3098,0
3099,0
3100,0
3101,0
3102,0
3103,0
3104,0
3105,1
3106,0
3107,1
3110,0
3111,1
3113,0
3114,1
3115,1
3116,1
3117,1
3118,1
3120,1
3121,1
3122,1
3123,1
3124,1
3126,1
3127,1
3130,1
3131,1
3132,0
3133,1
3134,0
3135,1
3136,0
3137,1
3138,0
3140,1
3142,0
3143,0
3144,0
3145,0
3146,0
3147,0
3148,0
3150,1
3151,0
3152,1
3153,1
3154,0
3155,1
3156,0
3157,0
3158,0
3159,0
3162,0
3164,1
3165,1
3168,1
3172,0
3176,0
3177,0
3178,0
3179,0
3181,0
3182,0
3183,0
3184,0
3185,0
3186,1
3187,1
3188,1
3189,1
3190,1
3191,0
3192,1
3193,0
3194,1
3195,1
3196,0
3197,1
3198,0
3199,0
3200,0
3201,0
3202,0
3203,1
3204,1
3205,1
3207,1
3209,1
3218,0
3219,0
3220,0
3221,0
3222,0
3223,0
3224,0
3225,0
3226,0
3227,0
3229,0
3230,1
3231,0
3232,0
3235,0
3236,0
3237,0
3238,0
3239,0
3240,0
3241,0
3242,0
3243,0
3244,0
3245,0
3246,0
3247,0
3248,0
3249,0
3251,0
3252,0
3253,0
3254,0
3255,0
3256,0
3257,0
3258,0
3259,0
3260,0
3261,0
3262,0
3263,0
3264,0
3265,0
3266,0
3268,0
3269,0
3270,0
3271,0
3272,0
3273,0
3274,0
3275,0
3276,0
3277,0
3281,0
3282,1
3285,0
3286,0
3287,0
3289,1
3298,1
3299,0
3300,0
3301,1
3302,1
3304,0
3305,1
3309,1
3310,1
3311,1
3312,1
3313,1
3314,1
3318,0
3319,1
3322,0
3325,0
3326,0
3327,0
3328,0
3329,0
3330,1
3331,0
3332,0
3333,1
3335,1
3336,1
3337,1
3338,1
3339,1
3340,1
3341,1
3342,0
3343,0
3345,1
3346,1
3348,1
3349,1
3350,1
3351,0
3352,0
3353,0
3355,0
3356,1
3357,1
3358,1
3359,0
3360,0
3361,1
3362,0
3363,1
3366,1
3368,1
3371,0
3373,1
3374,1
3375,1
3376,1
3377,0
3378,0
3379,0
3380,0
3381,1
3382,0
3383,0
3384,0
3385,0
3387,0
3388,1
3389,1
3390,0
3397,1
3398,0
3399,0
3400,0
3401,0
3402,0
3403,0
3404,0
3405,0
3406,0
3407,0
3408,0
3409,0
3410,0
3411,1
3412,0
3416,1
3417,1
3418,1
3419,1
3422,0
3423,0
3424,0
3425,0
3427,0
3428,0
3429,0
3430,0
3431,0
3432,0
3433,0
3434,1
3435,0
3436,0
3437,0
3438,0
3439,0
3440,0
3441,0
3442,0
3443,1
3445,0
3446,0
3447,1
3449,0
3450,0
3451,1
3453,0
3454,0
3455,0
3456,0
3457,1
3458,0
3459,0
3463,1
3464,0
3465,0
3466,0
3467,0
3468,0
3469,0
3470,0
3471,0
3472,0
3473,1
3474,1
3475,1
3477,1
3478,1
3479,1
3480,0
3481,1
3482,1
3484,0
3485,0
3486,0
3487,0
3489,0
3490,1
3491,0
3492,0
3493,0
3494,0
3496,0
3499,0
3500,0
3501,0
3502,0
3505,0
3507,0
3508,0
3509,0
3510,0
3511,0
3513,0
3514,0
3515,0
3516,0
3517,1
3518,0
3519,0
3521,1
3523,0
3524,0
3526,0
3527,0
3528,0
3529,1
3530,1
3531,0
3532,1
3533,1
3534,1
3538,0
3539,0
3541,0
3542,0
3543,0
3544,0
3545,1
3546,1
3547,0
3548,0
3549,0
3550,0
3552,1
3553,0
3557,1
3558,0
3559,1
3561,0
3562,0
3563,0
3564,1
3565,1
3566,0
3568,0
3570,0
3571,0
3572,0
3573,0
3574,0
3575,0
3576,0
3577,1
3578,0
3579,0
3580,0
3581,0
3582,1
3583,0
3584,0
3585,1
3586,1
3588,1
3591,1
3592,1
3593,1
3594,1
3595,1
3596,1
3597,1
3598,1
3599,0
3601,0
3602,0
3603,0
3604,0
3605,1
3606,0
3608,0
3609,1
3610,0
3611,0
3612,0
3613,0
3614,0
3615,0
3617,0
3618,0
3619,0
3621,1
3622,0
3623,0
3624,0
3625,1
3626,1
3627,1
3628,1
3631,1
3632,0
3634,0
3636,1
3637,0
3641,0
3644,0
3645,1
3649,0
3651,1
3652,1
3653,1
3654,1
3655,0
3656,1
3657,1
3658,1
3659,1
3660,1
3661,1
3662,1
3663,0
3664,0
3668,0
3669,0
3673,0
3679,0
3685,0
3686,0
3687,0
3688,1
3689,0
3690,0
3691,1
3692,1
3693,1
3694,1
3695,0
3696,0
3697,0
3698,1
3700,0
3701,1
3702,1
3703,0
3705,0
3706,0
3707,0
3708,1
3709,1
3710,1
3711,1
3712,1
3713,0
3727,1
3728,0
3729,0
3731,0
3732,1
3733,0
3734,0
3735,0
3736,0
3738,1
3741,1
3742,1
3745,0
3747,0
3748,0
3749,1
3750,0
3751,0
3752,0
3753,0
3754,0
3755,1
3756,0
3757,1
3758,1
3759,1
3761,0
3762,0
3763,0
3764,0
3765,1
3767,1
3768,1
3769,1
3770,1
3771,1
3772,1
3774,1
3776,1
3777,1
3778,1
3779,1
3782,0
3784,0
3786,0
3787,0
3790,1
3793,0
3794,1
3795,0
3796,0
3797,0
3799,0
3800,0
3801,0
3802,0
3803,0
3804,0
3805,0
3810,0
3821,0
3825,0
3826,1
3827,1
3828,1
3829,1
3830,0
3831,0
3832,1
3833,1
3835,0
3839,0
3840,0
3842,0
3843,1
3844,1
3845,0
3846,0
3847,0
3850,0
3851,1
3856,1
3864,0
3866,0
3867,0
3868,0
3869,0
3870,1
3871,0
3874,1
3879,1
3884,1
3885,0
3886,1
3888,0
3889,0
3890,1
3891,1
3893,0
3894,0
3895,0
3896,0
3897,1
3898,1
3899,1
3900,1
3903,0
3905,0
3906,0
3907,0
3909,0
3910,0
3911,0
3914,0
3917,0
3918,0
3919,0
3920,0
3921,1
3922,0
3923,1
3924,1
3925,1
3926,0
3927,0
3929,0
3930,0
3931,0
3933,1
3934,0
3937,0
3941,0
3942,0
3943,1
3944,0
3945,0
3946,0
3947,0
3948,0
3949,0
3950,0
3951,0
3952,0
3953,0
3954,0
3955,0
3956,0
3957,1
3958,1
3960,0
3961,0
3962,0
3963,0
3964,0
3965,0
3966,1
3973,0
3974,0
3976,0
3978,0
3979,0
3980,0
3981,0
3983,1
3984,1
3985,0
3987,1
3988,0
3989,0
3990,0
3993,1
3996,0
3999,0
4000,0
4001,0
4002,0
4003,0
4005,0
4006,0
4007,0
4019,0
4020,1
4021,0
4022,0
4023,0
4024,1
4025,0
4027,1
4028,0
4029,0
4030,0
4031,0
4032,0
4033,1
4034,1
4035,1
4036,0
4037,0
4041,0
4042,0
4043,1
4044,0
4046,0
4048,0
4049,0
4053,0
4054,0
4058,0
4059,1
4060,1
4061,0
4062,0
4063,0
4064,0
4065,0
4066,0
4067,0
4068,0
4069,0
4070,0
4071,0
4072,0
4073,0
4074,0
4075,0
4076,0
4077,0
4078,0
4100,1
4101,0
4103,0
4104,1
4105,0
4106,1
4107,1
4111,1
4112,0
4113,0
4118,1
4119,0
4120,1
4122,0
4123,0
4124,0
4125,0
4127,1
4142,1
4143,1
4144,0
4145,0
4146,1
4147,1
4148,1
4149,1
4150,1
4151,1
4152,1
4153,0
4154,1
4157,1
4159,1
4167,1
4168,0
4169,0
4170,1
4178,1
4179,0
4180,0
4181,1
4182,0
4183,1
4185,0
4186,0
4187,0
4189,0
4190,1
4191,1
4193,0
4194,0
4195,0
4196,0
4197,1
4198,1
4201,1
4202,1
4203,0
4204,0
4208,0
4209,0
4211,0
4212,0
4213,0
4214,0
4216,0
4218,0
4219,0
4220,0
4221,1
4222,1
4224,0
4226,0
4227,1
4228,0
4229,0
4230,1
4231,0
4232,0
4233,0
4234,0
4235,0
4236,0
4237,0
4240,1
4241,0
4242,0
4243,1
4244,1
4245,0
4246,0
4248,0
4250,0
4251,0
4255,1
4257,0
4258,0
4259,0
4261,0
4263,0
4264,0
4265,0
4266,0
4267,0
4268,1
4271,0
4272,0
4273,0
4274,1
4275,0
4276,1
4277,0
4278,0
4281,0
4282,0
4283,0
4284,0
4285,0
4286,0
4287,0
4288,0
4289,0
4290,0
4291,0
4292,0
4293,0
4294,0
4295,0
4296,0
4299,0
4300,0
4301,0
4302,1
4303,1
4304,0
4306,0
4307,0
4308,0
4309,0
4310,0
4311,0
4312,1
4314,0
4315,0
4316,0
4317,0
4322,1
4323,1
4324,0
4325,1
4331,1
4332,1
4333,1
4334,1
4335,1
4337,0
4338,0
4339,1
4340,0
4341,0
4342,0
4343,0
4345,0
4346,0
4348,0
4349,0
4351,0
4352,0
4353,1
4354,0
4357,0
4358,0
4359,0
4360,1
4361,0
4362,0
4363,0
4364,0
4365,0
4366,0
4367,0
4368,0
4369,1
4370,1
4371,1
4372,1
4373,1
4376,1
4380,0
4381,1
4382,0
4383,0
4384,1
4385,1
4386,0
4387,0
4388,0
4389,0
4390,0
4391,0
4393,1
4394,1
4395,1
4396,1
4397,1
4398,1
4399,1
4400,1
4401,1
4402,1
4403,1
4404,1
4405,0
4406,0
4408,0
4409,0
4410,0
4411,0
4412,0
4416,0
4417,0
4418,0
4419,1
4421,0
4422,0
4423,0
4424,1
4425,0
4426,0
4427,0
4428,0
4429,0
4430,0
4432,0
4433,1
4434,0
4435,0
4436,0
4437,0
4438,0
4439,1
4440,1
4441,1
4442,1
4443,1
4444,1
4445,1
4496,1
4497,0
4498,0
4499,0
4500,0
4502,0
4503,0
4504,0
4505,0
4506,0
4509,0
4510,0
4511,1
4513,1
4519,1
4524,0
4525,0
4526,0
4527,0
4528,0
4529,0
4530,0
4531,0
4532,0
4533,0
4547,0
4549,0
4552,0
4556,0
4557,0
4558,0
4559,0
4561,1
4577,1
4582,1
4583,1
4584,1
4586,0
4588,0
4589,0
4590,0
4591,0
4592,0
4593,0
4594,0
4595,0
4596,0
4597,0
4598,0
4600,0
4601,0
4603,1
4605,0
4606,0
4608,1
4609,1
4610,1
4611,0
4616,1
4617,1
4618,1
4619,1
4621,1
4622,1
4625,1
4626,1
4629,1
4631,0
4632,0
4633,0
4635,0
4642,0
4643,0
4644,0
4645,0
4646,0
4647,0
4648,0
4649,0
4650,0
4651,0
4652,0
4653,0
4654,0
4655,0
4657,0
4659,0
4660,0
4661,0
4662,0
4663,0
4664,0
4665,0
4666,0
4667,0
4668,0
4669,0
4670,0
4671,0
4672,0
4673,1
4674,0
4675,0
4678,0
4680,0
4681,0
4685,0
4690,0
4691,0
4692,0
4693,0
4694,0
4695,0
4696,0
4698,0
4700,0
4702,0
4703,0
4704,0
4705,0
4707,0
4708,0
4709,0
4710,0
4711,0
4712,0
4713,0
4714,0
4715,0
4716,0
4717,0
4718,0
4719,0
4721,0
4722,0
4725,1
4726,0
4727,0
4728,0
4729,0
4730,0
4731,0
4732,0
4733,0
4734,0
4735,0
4736,1
4738,0
4740,1
4742,1
4743,0
4746,0
4747,1
4748,1
4749,0
4750,0
4751,0
4752,0
4753,0
4755,0
4756,1
4757,0
4759,1
4760,1
4765,1
4766,1
4768,1
4769,1
4770,1
4771,0
4773,0
4785,0
4788,0
4789,1
4790,0
4792,1
4793,1
4795,1
4796,1
4797,0
4798,0
4799,0
4800,0
4801,0
4802,0
4805,1
4806,1
4807,1
4808,1
4809,0
4812,0
4814,0
4815,0
4818,1
4819,0
4826,0
4831,1
4834,1
4836,0
4838,1
4839,0
4841,1
4842,0
4844,1
4845,1
4846,0
4847,1
4849,0
4851,1
4852,0
4853,1
4854,1
4855,0
4857,0
4858,1
4859,1
4860,0
4861,1
4862,1
4865,0
4869,0
4871,1
4872,0
4873,0
4876,0
4877,1
4878,0
4879,0
4881,0
4882,0
4883,0
4884,0
4885,0
4886,0
4887,0
4889,0
4890,0
4891,0
4892,0
4893,0
4894,0
4895,0
4896,0
4897,0
4898,0
4900,0
4901,1
4904,0
4906,1
4907,1
4908,1
4909,1
4910,1
4913,1
4914,0
4916,0
4917,0
4919,0
4920,0
4921,0
4924,0
4926,0
4928,1
4929,1
4931,1
4932,0
4934,1
4935,0
4936,0
4937,0
4942,0
4944,1
4945,0
4946,0
4947,0
4950,0
4951,0
4952,0
4953,0
4954,0
4955,0
4956,1
4957,0
4959,0
4961,0
4962,0
4963,0
4964,0
4965,0
4966,0
4968,1
4970,0
4973,1
4974,0
4977,0
4978,1
4979,0
4980,0
4982,0
4983,0
4984,0
4985,0
4986,0
4987,0
4988,1
4989,1
4992,0
4993,0
4994,1
4997,1
4998,0
4999,0
5000,0
5002,0
5005,0
5006,0
5007,0
5008,0
5012,1
5015,1
5016,1
5017,1
5019,0
5024,1
5025,0
5027,0
5028,0
5030,0
5032,1
5033,0
5034,0
5043,0
5044,0
5045,0
5046,0
5047,0
5048,0
5049,0
5051,1
5052,1
5053,0
5068,0
5071,1
5072,1
5074,0
5075,0
5076,1
5083,1
5084,0
5085,0
5086,0
5087,0
5090,1
5091,0
5092,0
5093,0
5094,0
5095,0
5096,0
5097,0
5098,0
5099,0
5100,0
5101,0
5102,0
5103,0
5104,0
5105,0
5106,0
5107,0
5109,1
5110,0
5112,1
5113,0
5114,0
5115,1
5119,0
5122,0
5125,0
5126,0
5127,0
5128,0
5132,1
5133,1
5134,1
5135,1
5136,1
5137,1
5138,1
5139,1
5140,1
5141,1
5142,0
5143,0
5144,0
5145,1
5148,1
5149,0
5150,1
5151,0
5152,1
5153,0
5154,1
5155,0
5156,0
5157,0
5158,0
5159,0
5161,0
5163,0
5164,0
5165,1
5169,1
5172,1
5173,0
5174,0
5175,1
5177,1
5179,1
5180,0
5181,0
5182,0
5183,0
5184,0
5187,1
5188,0
5189,1
5190,1
5192,0
5194,0
5195,0
5196,0
5199,0
5200,0
5201,1
5203,0
5206,0
5207,0
5209,0
5210,0
5211,0
5212,0
5213,0
5214,0
5215,1
5217,0
5223,0
5224,0
5230,0
5232,1
5233,1
5234,1
5236,0
5237,0
5239,0
5240,0
5243,0
5244,0
5245,0
5249,0
5250,0
5251,0
5252,0
5253,0
5254,1
5255,0
5258,0
5259,0
5260,0
5261,0
5262,0
5263,0
5264,0
5265,0
5266,0
5267,0
5269,1
5270,0
5271,0
5272,0
5273,1
5274,0
5275,1
5276,0
5277,0
5278,0
5279,0
5280,0
5281,0
5283,0
5284,0
5285,1
5290,1
5295,0
5297,0
5300,1
5302,1
5303,0
5304,1
5305,0
5310,0
5311,0
5312,1
5313,1
5314,0
5315,1
5316,1
5318,1
5319,1
5321,1
5322,1
5323,1
5324,1
5326,0
5327,1
5328,1
5329,1
5330,1
5331,1
5332,1
5333,0
5334,1
5335,1
5336,1
5337,1
5338,1
5341,1
5342,1
5343,1
5345,0
5349,0
5350,0
5351,0
5352,0
5353,0
5354,0
5357,1
5358,0
5360,0
5361,0
5363,0
5364,0
5365,0
5366,1
5367,0
5368,0
5369,0
5370,0
5371,1
5372,1
5374,1
5377,1
5380,0
5381,0
5382,0
5383,0
5384,0
5385,0
5386,0
5389,1
5390,1
5391,1
5392,0
5393,0
5396,1
5397,0
5400,0
5401,0
5402,1
5403,1
5404,1
5406,0
5407,1
5408,1
5409,1
5410,1
5413,1
5414,0
5416,0
5418,1
5419,1
5421,0
5423,0
5425,1
5427,0
5431,0
5432,0
5433,1
5434,0
5437,1
5438,0
5439,1
5440,1
5441,0
5443,0
5447,0
5448,0
5449,0
5450,1
5451,0
5452,0
5453,0
5454,0
5456,0
5457,0
5458,1
5459,1
5463,0
5464,0
5465,0
5467,0
5468,1
5469,1
5470,1
5472,1
5473,1
5474,1
5479,1
5480,1
5481,0
5482,0
5483,0
5484,1
5485,1
5487,1
5488,1
5489,1
5490,1
5493,0
5500,0
5502,0
5504,0
5506,0
5513,0
5516,0
5517,1
5518,0
5520,0
5521,1
5526,1
5527,0
5528,0
5529,0
5530,0
5534,1
5535,1
5536,1
5537,0
5538,0
5540,0
5542,1
5543,0
5544,1
5546,1
5548,1
5549,0
5551,1
5557,0
5558,1
5563,1
5564,1
5565,1
5566,0
5567,0
5568,0
5569,1
5570,0
5571,1
5574,0
5575,0
5576,0
5577,0
5578,1
5579,0
5580,0
5581,1
5582,0
5583,1
5584,0
5587,0
5588,1
5589,1
5590,0
5591,0
5593,1
5594,0
5595,0
5596,0
5597,0
5598,0
5599,0
5600,0
5601,0
5602,0
5603,0
5605,0
5606,1
5607,1
5608,0
5609,0
5610,0
5611,1
5612,0
5613,1
5624,1
5626,1
5627,1
5628,1
5629,0
5630,0
5631,0
5632,0
5633,1
5634,0
5635,0
5641,0
5643,0
5644,0
5645,0
5646,0
5651,1
5653,0
5654,1
5655,1
5657,0
5658,0
5659,1
5663,1
5664,1
5665,0
5666,1
5667,1
5668,1
5669,0
5670,0
5671,1
5672,0
5673,1
5674,0
5675,1
5676,1
5677,1
5678,1
5680,1
5682,1
5683,0
5684,1
5685,1
5686,1
5687,0
5688,0
5689,0
5690,0
5691,1
5692,0
5693,0
5694,0
5695,1
5699,0
5701,1
5714,1
5715,0
5716,1
5717,0
5719,0
5721,0
5722,0
5723,0
5724,0
5726,0
5727,0
5728,1
5729,0
5730,0
5731,0
5732,0
5733,0
5734,0
5737,1
5738,0
5739,0
5740,1
5742,0
5743,1
5744,1
5745,1
5746,1
5748,0
5749,0
5751,0
5752,1
5755,0
5756,1
5757,1
5758,0
5759,0
5760,1
5761,0
5762,0
5763,0
5764,0
5766,0
5767,0
5768,1
5770,0
5771,0
5772,0
5773,0
5774,0
5775,0
5776,0
5777,0
5778,0
5779,0
5780,0
5781,0
5782,0
5783,0
5784,0
5785,0
5786,0
5787,0
5788,0
5789,0
5790,0
5791,0
5792,0
5795,1
5796,1
5797,1
5798,0
5799,1
5800,0
5801,0
5802,0
5803,0
5804,0
5805,0
5806,0
5807,0
5808,0
5809,0
5810,0
5814,1
5815,1
5816,1
5817,0
5819,0
5820,0
5823,1
5824,1
5826,0
5827,0
5828,0
5830,0
5831,0
5833,0
5834,0
5835,0
5836,0
5837,0
5838,0
5839,0
5840,0
5842,0
5843,0
5844,0
5845,1
5846,1
5847,0
5848,0
5849,1
5850,1
5861,0
5862,0
5863,0
5864,1
5865,0
5866,0
5867,0
5868,0
5869,0
5870,0
5871,0
5872,0
5873,0
5876,0
5877,0
5878,0
5879,1
5880,1
5881,1
5882,1
5884,0
5885,1
5887,0
5888,0
5891,0
5892,1
5893,0
5894,1
5895,1
5896,1
5897,0
5898,1
5901,1
5902,0
5903,0
5904,0
5905,0
5906,0
5907,0
5909,0
5910,0
5911,0
5916,0
5917,0
5918,0
5919,0
5920,0
5921,0
5922,0
5924,0
5925,1
5927,0
5928,0
5929,0
5930,1
5931,1
5932,1
5933,1
5934,1
5935,0
5938,0
5939,0
5940,0
5941,1
5945,1
5946,1
5947,1
5949,1
5950,0
5951,0
5952,0
5953,0
5956,0
5957,0
5958,1
5959,0
5966,1
5967,1
5969,1
5970,1
5971,1
5972,1
5973,1
5976,0
5978,0
5979,0
5981,0
5982,0
5984,0
5985,0
5987,0
5988,0
5990,1
5991,1
5993,1
5994,1
5995,1
5996,1
5997,0
5998,1
6000,1
6001,0
6002,0
6003,0
6004,0
6005,0
6006,0
6007,1
6009,0
6010,0
6011,0
6012,1
6013,1
6014,1
6015,1
6016,0
6017,0
6018,0
6019,0
6020,0
6021,0
6022,0
6023,0
6024,0
6025,0
6026,0
6029,0
6030,1
6031,0
6032,0
6033,0
6034,0
6035,0
6036,0
6037,0
6038,0
6039,0
6040,0
6041,0
6042,0
6043,0
6044,0
6046,0
6047,0
6051,1
6052,0
6053,0
6054,1
6055,1
6056,1
6058,1
6063,1
6075,1
6076,1
6078,1
6083,0
6084,0
6085,0
6090,1
6091,1
6099,1
6104,1
6105,0
6109,1
6110,1
6111,0
6112,0
6113,0
6114,0
6115,0
6116,0
6117,0
6118,1
6119,0
6120,1
6121,1
6122,1
6124,1
6132,0
6133,1
6135,0
6136,0
6138,1
6139,0
6140,0
6141,0
6142,0
6143,0
6144,1
6146,1
6147,1
6148,1
6149,1
6151,1
6152,0
6153,1
6155,1
6156,1
6157,0
6158,0
6159,0
6160,0
6161,0
6162,1
6163,1
6164,1
6165,1
6166,0
6168,1
6169,1
6170,0
6171,0
6172,1
6173,1
6174,0
6175,0
6177,0
6178,0
6182,0
6190,1
6193,1
6194,0
6196,1
6197,0
6198,0
6200,1
6201,0
6205,0
6207,0
6208,1
6209,1
6210,0
6211,0
6212,0
6213,0
6214,0
6215,0
6216,0
6217,0
6218,0
6219,0
6220,1
6222,1
6223,0
6224,1
6225,1
6226,0
6227,1
6232,1
6240,0
6242,1
6243,0
6244,0
6245,0
6250,0
6251,0
6252,0
6253,0
6254,0
6255,0
6256,1
6257,0
6258,0
6259,0
6260,0
6262,0
6263,1
6272,1
6275,0
6276,1
6277,1
6278,0
6279,1
6282,0
6283,0
6287,0
6288,0
6289,0
6291,1
6292,1
6293,1
6294,0
6295,0
6296,0
6297,0
6298,0
6299,1
6300,0
6301,1
6302,0
6303,0
6304,0
6305,1
6307,1
6310,1
6312,0
6313,1
6315,1
6320,0
6321,0
6322,0
6323,0
6324,0
6325,0
6326,1
6327,0
6328,1
6329,1
6330,0
6331,1
6332,1
6333,1
6335,0
6336,0
6337,1
6340,1
6342,0
6343,0
6344,0
6345,0
6346,0
6347,0
6348,0
6349,0
6350,0
6353,0
6354,0
6355,0
6359,0
6361,0
6362,0
6363,1
6364,1
6366,1
6367,1
6368,1
6369,0
6370,1
6372,1
6373,1
6374,0
6377,1
6378,0
6380,0
6381,0
6383,0
6384,0
6385,0
6388,0
6390,0
6392,0
6393,0
6394,0
6395,0
6396,0
6397,0
6398,1
6400,0
6403,0
6405,0
6406,0
6408,1
6410,1
6411,0
6415,1
6416,0
6421,0
6423,1
6424,1
6426,1
6429,0
6430,0
6431,0
6432,1
6434,0
6436,1
6437,1
6438,0
6439,0
6440,0
6441,0
6442,0
6452,0
6453,0
6454,1
6455,0
6458,0
6459,0
6460,0
6461,0
6462,0
6463,0
6464,0
6465,0
6468,0
6469,0
6473,1
6475,0
6476,0
6477,0
6478,0
6479,0
6480,0
6482,1
6489,0
6495,0
6497,1
6499,0
6506,1
6507,0
6510,1
6511,1
6516,1
6517,0
6518,1
6519,0
6520,0
6521,0
6522,1
6523,1
6524,1
6525,1
6526,1
6527,1
6528,1
6529,1
6530,0
6531,0
6532,0
6533,0
6534,0
6535,0
6536,0
6537,0
6538,0
6539,0
6540,1
6541,1
6542,0
6544,0
6546,0
6547,0
6548,0
6549,1
6550,0
6551,1
6552,1
6553,1
6556,0
6557,0
6558,0
6560,0
6561,0
6562,1
6563,0
6564,0
6566,1
6567,1
6568,1
6569,1
6570,1
6571,1
6572,1
6574,1
6576,1
6577,0
6579,1
6580,1
6581,1
6582,1
6583,1
6584,0
6585,1
6586,1
6587,1
6588,1
6589,1
6590,1
6596,1
6601,1
6602,1
6603,0
6605,0
6606,0
6607,1
6612,0
6614,0
6615,1
6619,0
6620,1
6622,0
6623,1
6624,0
6625,0
6626,0
6629,0
6630,1
6632,1
6633,1
6634,1
6635,0
6636,0
6637,0
6638,0
6639,1
6640,1
6642,0
6644,1
6645,0
6647,1
6648,1
6649,1
6651,0
6652,1
6654,1
6655,1
6656,1
6657,0
6658,0
6660,1
6661,0
6662,1
6663,0
6665,1
6666,1
6667,1
6668,1
6669,0
6671,1
6672,0
6673,0
6676,1
6677,1
6679,1
6680,0
6682,1
6683,1
6686,0
6687,1
6688,0
6689,0
6690,1
6691,0
6692,1
6693,0
6695,0
6697,1
6699,1
6700,0
6701,0
6702,0
6704,1
6707,1
6708,1
6711,0
6713,0
6718,1
6724,1
6725,0
6727,0
6728,1
6729,1
6730,1
6731,1
6732,1
6733,0
6734,0
6735,0
6737,0
6738,1
6739,0
6740,0
6741,0
6742,0
6743,1
6745,0
6746,0
6747,0
6748,0
6749,0
6750,0
6751,0
6752,0
6753,0
6754,0
6756,1
6757,0
6758,1
6761,0
6762,0
6763,0
6766,0
6769,0
6770,0
6771,0
6772,0
6774,0
6775,0
6776,1
6778,0
6779,1
6781,0
6782,0
6784,0
6785,0
6787,0
6789,0
6790,0
6792,0
6795,0
6796,0
6797,0
6800,0
6801,1
6802,0
6803,0
6804,1
6807,1
6808,0
6809,0
6810,0
6813,1
6815,1
6818,1
6819,0
6820,0
6821,0
6822,1
6823,0
6824,0
6825,1
6826,0
6827,0
6828,1
6829,0
6830,0
6831,0
6832,0
6834,1
6837,1
6838,0
6839,0
6840,1
6841,1
6842,1
6843,0
6844,1
6845,0
6847,0
6848,0
6853,0
6854,1
6856,0
6861,1
6862,0
6863,0
6864,0
6865,0
6868,1
6869,1
6870,0
6871,0
6872,0
6873,0
6874,0
6875,0
6879,1
6880,0
6882,0
6883,0
6886,0
6887,0
6888,1
6889,1
6892,0
6893,0
6896,0
6897,0
6898,0
6899,0
6901,0
6902,0
6903,0
6904,1
6906,0
6907,0
6908,0
6909,0
6914,1
6916,0
6917,0
6918,0
6919,0
6920,1
6921,1
6922,1
6928,1
6929,1
6931,1
6932,1
6933,0
6934,0
6935,0
6936,1
6937,1
6939,1
6940,1
6942,1
6943,0
6945,1
6946,1
6947,0
6948,0
6950,1
6951,1
6954,0
6955,0
6956,0
6957,0
6958,1
6959,1
6960,1
6961,1
6962,0
6963,1
6964,1
6965,0
6967,1
6968,1
6976,0
6977,1
6978,1
6980,0
6981,0
6982,0
6983,0
6984,0
6985,0
6987,0
6988,0
6991,0
6992,0
6993,0
6994,0
6995,1
6996,1
6997,1
6998,1
6999,1
7001,0
7002,1
7003,1
7004,0
7005,0
7006,0
7007,0
7008,0
7009,1
7012,0
7018,1
7020,1
7024,1
7025,1
7026,1
7027,1
7029,1
7031,0
7033,0
7035,0
7036,0
7037,1
7038,0
7040,0
7041,0
7042,1
7043,0
7047,1
7048,0
7050,0
7052,0
7053,1
7054,1
7055,0
7056,0
7057,0
7058,1
7059,1
7060,0
7063,1
7065,0
7066,0
7067,0
7068,0
7069,0
7070,0
7072,0
7074,1
7075,0
7076,1
7077,1
7078,0
7079,0
7081,0
7083,0
7084,0
7085,0
7086,0
7087,0
7088,0
7090,0
7092,0
7093,0
7096,1
7099,0
7100,1
7101,1
7102,0
7105,0
7108,1
7109,1
7110,0
7111,0
7116,0
7118,1
7120,1
7121,1
7123,1
7124,1
7130,1
7131,1
7132,1
7133,1
7134,1
7137,1
7138,1
7148,1
7149,1
7150,1
7152,1
7155,0
7157,0
7158,0
7160,0
7161,0
7164,1
7165,1
7166,0
7181,0
7182,0
7183,0
7184,0
7185,0
7186,1
7189,1
7191,1
7193,1
7194,0
7195,1
7197,0
7198,0
7203,0
7205,1
7210,1
7211,0
7216,1
7219,1
7221,1
7223,0
7226,0
7227,0
7229,0
7230,0
7233,0
7234,0
7237,0
7240,0
7241,0
7251,1
7253,1
7254,1
7255,1
7256,1
7257,1
7258,1
7259,1
7260,1
7261,1
7262,1
7263,1
7264,1
7265,0
7266,0
7267,0
7268,0
7269,0
7270,1
7271,1
7273,0
7274,0
7275,0
7279,0
7280,1
7281,1
7282,0
7283,1
7286,0
7288,1
7294,1
7295,0
7296,0
7298,0
7300,0
7301,1
7302,0
7303,0
7305,0
7308,0
7309,0
7310,0
7311,0
7321,0
7322,0
7323,1
7327,0
7329,0
7330,0
7335,1
7336,0
7338,1
7342,0
7344,1
7345,0
7346,0
7348,1
7350,0
7351,0
7352,0
7356,0
7358,0
7362,0
7364,0
7365,0
7367,0
7369,0
7370,0
7371,0
7374,0
7375,0
7376,0
7377,0
7379,1
7380,1
7381,0
7382,1
7383,1
7384,0
7385,0
7386,0
7388,0
7389,0
7390,0
7392,0
7393,0
7394,0
7395,0
7397,1
7398,1
7399,1
7400,0
7401,1
7402,1
7403,0
7405,0
7406,0
7407,0
7408,1
7409,0
7410,0
7414,0
7419,0
7420,0
7421,1
7425,0
7426,1
7430,1
7431,1
7432,1
7433,0
7435,0
7436,0
7437,0
7438,0
7439,0
7440,0
7441,0
7442,0
7443,0
7444,0
7445,1
7447,0
7450,0
7451,0
7452,0
7453,0
7454,0
7456,0
7457,1
7458,0
7459,1
7460,0
7463,0
7464,1
7467,0
7468,0
7470,1
7472,0
7475,0
7479,1
7480,0
7481,0
7482,0
7484,1
7486,1
7488,0
7490,1
7492,0
7493,0
7494,0
7499,0
7501,0
7503,0
7510,1
7512,0
7513,0
7539,1
7540,0
7541,0
7542,0
7554,0
7563,1
7564,0
7565,0
7566,0
7568,0
7571,0
7572,0
7573,0
7579,0
7581,0
7582,0
7583,1
7584,0
7585,1
7587,1
7588,1
7589,1
7590,1
7591,1
7592,1
7593,1
7596,0
7597,1
7598,0
7600,0
7602,0
7604,0
7605,0
7606,0
7610,0
7613,0
7619,0
7620,0
7623,0
7626,0
7637,0
7641,0
7652,0
7661,0
7666,0
7668,0
7669,0
7670,1
7674,0
7675,1
7676,1
7677,0
7680,1
7682,0
7689,1
7690,0
7696,0
7703,0
7711,1
7727,1
7730,0
7732,0
7733,1
7735,0
7737,0
7738,1
7740,0
7744,0
7746,0
7748,0
7751,0
7754,0
7758,0
7767,1
7768,0
7769,0
7788,1
7792,1
7793,1
7795,1
7801,0
7802,0
7810,0
7815,0
7818,0
7821,0
7822,0
7824,0
7826,0
7828,0
7829,0
7835,1
7838,0
7839,0
7841,0
7842,0
7845,1
7847,0
7848,0
7849,0
7851,0
7852,0
7854,0
7855,0
7856,0
7857,0
7859,0
7861,0
7862,0
7875,1
7880,0
7884,0
7885,1
7887,1
7889,1
7893,1
7894,0
7895,1
7896,0
7897,1
7899,1
7900,0
7902,0
7903,0
7904,0
7906,0
7909,0
7911,1
7912,1
7914,1
7916,0
7920,0
7921,0
7922,0
7923,0
7924,0
7926,1
7929,0
7931,0
7934,0
7935,0
7936,0
7937,0
7938,1
7939,1
7940,1
7942,0
7946,1
7952,0
7953,0
7960,0
7961,0
7962,0
7964,0
7972,0
7973,0
7977,1
7979,1
7980,0
7981,1
7982,0
7983,0
7984,0
7985,1
7986,0
7987,0
7989,0
7990,0
7991,0
7993,0
7994,1
7995,1
7997,0
7998,0
7999,1
8000,1
8001,1
8002,1
8005,0
8006,0
8008,0
8009,0
8010,0
8011,0
8018,1
8019,1
8020,1
8021,1
8024,0
8026,0
8028,1
8029,1
8030,0
8032,0
8033,1
8036,0
8037,0
8038,1
8042,0
8043,0
8044,0
8045,0
8046,0
8047,0
8048,1
8049,1
8050,0
8051,0
8052,0
8053,1
8055,0
8056,0
8060,0
8061,0
8062,1
8063,0
8064,0
8066,0
8067,0
8068,0
8070,0
8072,0
8073,1
8074,0
8075,1
8078,0
8079,0
8082,0
8083,1
8084,1
8085,1
8091,1
8093,0
8094,1
8100,1
8105,1
8106,0
8107,1
8108,0
8109,1
8110,0
8111,1
8114,1
8115,0
8118,0
8119,0
8122,1
8130,0
8132,0
8133,0
8139,1
8140,0
8142,0
8145,0
8146,0
8147,0
8149,0
8150,0
8158,0
8169,0
8170,1
8171,0
8174,1
8176,1
8177,1
8180,0
8181,0
8183,0
8184,1
8185,0
8192,1
8194,0
8195,1
8197,1
8198,0
8200,1
8201,1
8202,0
8205,0
8207,1
8208,1
8209,1
8210,1
8212,0
8224,0
8227,1
8230,1
8231,0
8232,0
8233,1
8234,1
8235,1
8236,0
8237,0
8238,0
8240,0
8241,1
8242,0
8258,0
8263,0
8264,0
8265,0
8266,0
8268,0
8269,0
8270,0
8272,0
8276,0
8277,0
8278,1
8279,0
8280,0
8281,0
8282,0
8284,1
8285,1
8286,1
8287,1
8288,1
8289,1
8291,0
8292,0
8293,0
8294,0
8295,1
8296,1
8297,1
8298,1
8299,1
8300,1
8301,1
8305,0
8306,0
8307,0
8308,0
8316,0
8318,0
8320,1
8323,0
8324,0
8327,0
8328,0
8329,0
8331,0
8332,0
8333,0
8334,0
8335,0
8337,0
8338,0
8339,0
8340,0
8341,0
8343,0
8344,0
8345,0
8346,0
8349,0
8351,1
8353,0
8354,0
8357,0
8360,0
8361,1
8364,1
8371,1
8372,1
8373,1
8375,1
8376,1
8377,0
8380,1
8381,1
8382,0
8383,1
8384,0
8385,1
8386,1
8387,0
8388,0
8389,1
8390,0
8391,0
8392,0
8413,0
8414,1
8415,1
8418,1
8424,0
8425,0
8427,1
8428,0
8433,1
8434,0
8449,0
8451,0
8452,1
8453,1
8456,1
8459,0
8464,0
8465,1
8468,0
8469,0
8470,0
8471,0
8472,1
8483,1
8484,0
8492,0
8493,0
8494,0
8495,0
8496,0
8498,0
8500,0
8501,0
8502,0
8503,0
8504,0
8507,0
8509,1
8510,1
8511,1
8512,1
8513,0
8517,0
8518,1
8519,1
8521,1
8522,1
8524,1
8525,0
8527,1
8530,1
8531,1
8532,1
8533,1
8536,1
8537,1
8538,1
8539,0
8540,1
8541,1
8543,1
8544,1
8545,1
8547,0
8548,1
8552,1
8553,1
8554,1
8555,0
8556,0
8558,0
8559,0
8560,0
8561,1
8562,0
8563,0
8566,0
8568,0
8569,0
8570,0
8571,0
8584,0
8586,0
8587,0
8588,0
8591,0
8592,0
8594,0
8595,0
8596,0
8597,0
8598,0
8600,0
8601,0
8602,0
8603,0
8604,0
8605,0
8606,1
8607,1
8609,0
8610,1
8611,1
8613,0
8615,0
8619,0
8620,0
8621,0
8622,0
8623,0
8624,0
8625,0
8626,0
8627,1
8630,0
8631,0
8637,0
8638,0
8639,0
8642,0
8643,0
8646,1
8648,1
8649,0
8650,0
8651,1
8652,1
8654,0
8656,0
8660,0
8662,1
8664,0
8666,0
8667,0
8670,0
8671,1
8672,1
8679,1
8681,1
8685,1
8686,1
8688,0
8691,0
8693,0
8694,1
8698,1
8700,0
8707,1
8708,1
8709,0
8710,0
8711,1
8712,0
8713,0
8715,0
8716,0
8717,0
8718,0
8719,0
8724,0
8725,0
8727,0
8728,0
8730,1
8732,1
8735,1
8736,1
8737,1
8738,1
8739,1
8740,1
8741,1
8742,1
8743,1
8744,1
8745,1
8746,1
8747,1
8748,1
8749,1
8750,1
8751,0
8752,0
8753,0
8754,0
8755,0
8756,0
8757,0
8758,0
8759,0
8760,0
8761,0
8762,0
8763,0
8764,1
8765,0
8766,0
8767,1
8768,1
8769,1
8770,1
8771,1
8772,1
8773,1
8775,0
8776,0
8777,1
8779,0
8780,1
8781,1
8782,1
8783,1
8785,0
8786,0
8787,0
8790,1
8795,0
8796,0
8797,1
8798,0
8799,1
8800,0
8801,1
8802,0
8803,0
8804,0
8805,1
8807,0
8809,1
8810,1
8811,1
8814,1
8817,0
8818,0
8819,0
8822,0
8823,0
8825,0
8826,0
8827,0
8829,0
8830,0
8831,1
8835,1
8836,1
8837,1
8839,0
8840,0
8841,0
8842,1
8846,1
8847,1
8848,0
8850,1
8851,0
8852,1
8853,0
8854,1
8858,0
8859,0
8860,0
8861,0
8862,1
8863,1
8866,0
8867,1
8869,1
8870,1
8872,1
8873,1
8877,1
8878,1
8879,0
8881,0
8884,0
8885,0
8886,0
8887,0
8891,1
8898,1
8901,1
8902,1
8903,1
8904,1
8905,1
8906,0
8907,1
8908,1
8909,1
8910,0
8911,0
8912,1
8913,1
8915,1
8916,1
8918,1
8919,1
8920,1
8921,1
8922,1
8923,1
8924,1
8925,1
8927,1
8928,1
8929,1
8930,1
8931,0
8933,1
8934,1
8935,1
8938,1
8939,1
8940,1
8941,1
8942,1
8943,0
8944,0
8945,0
8947,1
8948,1
8949,1
8950,1
8951,1
8952,1
8953,1
8954,1
8955,1
8956,1
8957,1
8958,1
8959,1
8960,1
8962,0
8963,0
8964,0
8967,1
8968,1
8969,1
8974,0
8977,0
8978,0
8979,0
8980,0
8982,0
8983,0
8996,1
8997,1
8998,1
8999,1
9001,0
9002,0
9003,0
9004,1
9008,1
9011,0
9012,0
9014,1
9015,0
9016,0
9019,0
9020,1
9021,1
9022,0
9023,0
9024,0
9025,0
9026,0
9028,1
9029,0
9030,0
9031,1
9032,1
9033,0
9035,1
9036,1
9037,0
9038,1
9039,0
9040,0
9041,0
9042,0
9043,0
9044,0
9045,0
9046,0
9047,0
9048,0
9049,0
9050,1
9056,1
9064,1
9066,1
9067,1
9068,1
9069,1
9070,1
9072,0
9073,1
9074,1
9075,1
9076,1
9077,1
9108,1
9128,1
9131,0
9132,0
9134,1
9147,0
9149,1
9157,0
9158,0
9162,0
9163,0
9164,0
9165,0
9166,0
9167,0
9168,0
9169,0
9170,0
9171,0
9172,0
9173,0
9174,0
9175,0
9176,0
9177,0
9178,0
9180,0
9181,0
9184,0
9185,0
9187,0
9188,0
9189,0
9190,0
9193,0
9194,0
9195,0
9196,0
9197,0
9198,0
9199,1
9200,0
9201,0
9203,0
9205,0
9206,0
9209,1
9210,0
9211,0
9212,0
9213,0
9217,1
9218,1
9219,1
9220,1
9222,1
9225,1
9227,0
9228,0
9229,0
9230,1
9231,0
9232,1
9237,1
9240,0
9241,0
9244,0
9245,1
9248,0
9249,0
9250,0
9251,0
9252,0
9253,0
9254,1
9255,1
9257,1
9258,0
9259,0
9260,1
9261,1
9263,1
9266,1
9267,1
9270,1
9274,1
9277,1
9278,1
9279,1
9280,1
9281,1
9282,1
9283,0
9284,0
9285,1
9287,0
9292,1
9293,0
9294,1
9297,0
9299,0
9300,1
9301,0
9302,0
9303,0
9304,0
9305,0
9309,1
9314,1
9319,1
9322,1
9325,1
9326,1
9327,0
9328,1
9329,1
9330,0
9337,0
9338,0
9340,0
9343,0
9344,0
9345,0
9346,1
9347,0
9348,0
9349,1
9350,0
9351,0
9352,0
9353,0
9354,0
9355,0
9357,0
9360,0
9362,0
9363,0
9364,0
9365,1
9366,0
9368,0
9369,1
9370,0
9372,0
9373,0
9376,0
9377,0
9378,0
9379,0
9380,0
9382,0
9384,1
9385,0
9386,1
9388,0
9391,0
9392,1
9393,1
9394,0
9395,0
9396,1
9397,1
9399,1
9402,0
9403,1
9409,0
9410,1
9411,0
9412,0
9413,1
9416,0
9417,1
9418,0
9422,1
9424,0
9425,0
9426,0
9427,0
9429,0
9430,1
9431,0
9432,1
9433,0
9434,0
9435,0
9436,0
9437,0
9438,1
9439,0
9442,0
9443,0
9444,1
9445,0
9446,0
9449,1
9451,0
9452,0
9453,0
9454,0
9455,0
9456,0
9457,0
9458,0
9459,1
9460,1
9461,1
9462,1
9463,1
9464,1
9465,0
9466,0
9467,0
9468,0
9469,0
9478,0
9479,0
9481,1
9482,0
9483,1
9484,1
9485,0
9487,0
9488,0
9489,0
9492,0
9493,0
9495,0
9496,0
9497,0
9500,0
9501,0
9502,0
9503,0
9504,0
9506,1
9507,0
9508,0
9509,0
9511,0
9513,1
9514,1
9515,1
9516,0
9520,1
9522,1
9523,1
9524,0
9525,1
9528,1
9529,0
9530,0
9531,0
9532,1
9534,0
9536,0
9537,0
9538,1
9539,0
9540,0
9541,0
9542,1
9543,0
9544,0
9545,0
9547,1
9548,0
9551,0
9552,0
9553,0
9554,0
9555,1
9556,1
9557,0
9558,1
9559,0
9562,0
9563,0
9565,1
9566,1
9567,1
9568,1
9569,0
9570,0
9571,0
9572,0
9573,0
9574,0
9578,0
9579,0
9582,0
9583,1
9584,1
9585,1
9586,0
9587,1
9588,1
9590,1
9591,1
9592,1
9593,1
9594,1
9597,1
9598,0
9599,0
9606,1
9607,0
9610,0
9611,0
9612,0
9613,0
9615,0
9616,0
9617,1
9618,0
9620,0
9621,0
9622,0
9623,0
9624,0
9625,0
9626,0
9627,0
9629,0
9631,0
9632,0
9633,1
9637,0
9638,0
9639,0
9640,0
9641,0
9642,0
9643,1
9645,1
9646,0
9647,0
9649,0
9650,0
9651,0
9652,0
9653,0
9654,0
9657,0
9658,1
9659,0
9660,1
9661,1
9663,1
9664,1
9668,0
9670,0
9671,0
9673,0
9674,1
9675,0
9676,0
9678,0
9679,0
9680,0
9681,0
9686,1
9688,0
9690,1
9691,1
9692,1
9694,0
9695,1
9696,1
9700,0
9703,1
9705,0
9706,1
9708,1
9709,1
9710,1
9712,1
9713,1
9716,0
9717,0
9718,0
9719,0
9722,1
9723,1
9725,1
9726,1
9727,1
9732,0
9735,0
9737,0
9739,1
9740,0
9741,0
9742,0
9743,0
9744,1
9749,0
9752,0
9753,0
9754,1
9755,0
9756,0
9759,0
9762,0
9766,0
9767,0
9768,0
9769,0
9770,0
9771,0
9772,0
9773,0
9774,0
9776,0
9777,0
9778,0
9779,0
9780,0
9781,0
9782,0
9784,0
9793,0
9794,0
9795,0
9796,0
9797,0
9807,0
9814,1
9815,1
9816,1
9822,0
9823,0
9824,0
9825,0
9826,0
9834,0
9835,0
9837,0
9843,0
9844,0
9845,1
9858,1
9859,1
9860,1
9861,0
9862,0
9863,1
9866,1
9867,1
9868,0
9870,0
9874,0
9880,0
9886,1
9887,0
9888,1
9889,1
9890,0
9894,0
9896,0
9897,0
9899,1
9902,1
9904,0
9911,0
9912,0
9914,0
9915,0
9916,0
9917,0
9922,0
9923,0
9924,0
9925,0
9928,1
9939,0
9940,0
9943,1
9946,0
9947,0
9948,0
9949,0
9953,0
9954,1
9955,0
9956,0
9957,0
9958,0
9960,0
9962,1
9965,1
9968,1
9970,0
9971,1
9972,0
9973,0
9974,0
9975,1
9976,0
9977,0
9981,1
9982,0
9983,0
9984,0
9986,0
9989,0
9995,1
9997,0
9999,1
10003,1
10004,0
10005,1
10008,0
10010,0
10015,0
10016,0
10019,1
10020,0
10021,0
10026,1
10032,0
10036,0
10037,1
10039,0
10040,1
10041,1
10043,0
10045,1
10046,1
10047,1
10048,0
10049,0
10050,0
10054,1
10055,0
10056,0
10058,0
10059,0
10061,0
10062,0
10070,0
10074,1
10075,0
10091,0
10092,1
10094,0
10095,0
10100,1
10101,1
10102,1
10103,1
10104,1
10106,1
10107,1
10108,1
10110,1
10112,1
10113,1
10114,0
10115,0
10118,1
10119,1
10124,0
10129,0
10131,0
10132,0
10133,0
10135,0
10136,0
10138,1
10143,0
10146,0
10147,0
10148,1
10154,1
10156,0
10158,0
10159,0
10164,1
10166,0
10167,1
10175,1
10177,1
10179,0
10180,0
10182,0
10184,0
10187,1
10188,1
10189,0
10190,1
10191,0
10193,0
10194,0
10196,1
10198,0
10199,0
10200,0
10202,0
10203,0
10204,1
10205,0
10206,1
10208,0
10209,0
10213,1
10214,1
10215,1
10216,0
10219,0
10220,0
10221,1
10222,1
10223,1
10224,1
10225,1
10226,1
10227,1
10228,0
10229,0
10230,0
10231,1
10233,0
10241,0
10242,0
10243,0
10246,0
10248,0
10249,0
10250,0
10251,0
10252,1
10253,0
10255,0
10256,0
10258,1
10259,1
10260,0
10261,1
10264,0
10265,1
10267,0
10270,1
10271,0
10272,0
10274,0
10275,0
10276,0
10282,0
10285,1
10288,1
10291,0
10292,0
10294,1
10298,0
10307,0
10308,1
10309,1
10312,1
10314,1
10315,1
10316,1
10317,1
10318,1
10319,1
10321,1
10322,1
10323,1
10324,1
10326,0
10328,0
10332,0
10339,1
10341,0
10342,0
10343,0
10347,1
10349,0
10350,0
10351,0
10354,0
10359,0
10360,0
10362,0
10363,0
10364,1
10366,1
10367,0
10368,0
10370,0
10373,1
10378,1
10380,0
10381,0
10393,0
10394,0
10395,0
10408,0
10409,1
10411,1
10421,1
10424,0
10425,1
10429,0
10430,0
10431,0
10432,0
10435,0
10439,0
10440,0
10442,0
10443,1
10444,0
10446,0
10447,1
10448,1
10449,1
10454,0
10455,0
10457,0
10458,0
10459,0
10462,0
10463,1
10464,0
10467,1
10468,1
10474,0
10498,0
10514,0
10519,0
10520,0
10521,0
10522,0
10523,0
10524,0
10525,0
10526,0
10527,1
10528,0
10529,0
10530,0
10531,0
10533,0
10535,0
10536,1
10537,1
10542,1
10548,0
10549,0
10550,0
10553,0
10556,1
10560,0
10564,1
10566,0
10573,0
10575,1
10582,0
10594,0
10595,0
10599,1
10615,1
10624,0
10625,0
10634,1
10635,0
10638,0
10649,1
10652,1
10653,0
10660,0
10669,0
10671,0
10674,0
10687,1
10703,0
10711,0
10715,0
